timestamp,tag_id,x,y,z,quality,source,zone_id,dt_sec,dx,dy,step_distance_m,speed_m_s,outlier_speed
2026-05-01 09:00:00,worker_anon_01,2.125,1.576,1.1,0.87,sample,INSPECT_4,0.0,0.0,0.0,0.0,0.0,False
2026-05-01 09:00:01,worker_anon_01,2.163,1.658,1.1,0.81,sample,INSPECT_4,1.0,0.03799999999999981,0.08199999999999985,0.09037698822155982,0.09037698822155982,False
2026-05-01 09:00:02,worker_anon_01,2.125,1.534,1.1,0.88,sample,INSPECT_4,1.0,-0.03799999999999981,-0.12399999999999989,0.12969194269498766,0.12969194269498766,False
2026-05-01 09:00:03,worker_anon_01,2.132,1.531,1.1,0.97,sample,INSPECT_4,1.0,0.007000000000000117,-0.0030000000000001137,0.007615773105864061,0.007615773105864061,False
2026-05-01 09:00:04,worker_anon_01,2.101,1.585,1.1,0.86,sample,INSPECT_4,1.0,-0.03100000000000014,0.05400000000000005,0.0622655603042325,0.0622655603042325,False
2026-05-01 09:00:05,worker_anon_01,2.132,1.565,1.1,0.95,sample,INSPECT_4,1.0,0.03100000000000014,-0.020000000000000018,0.03689173349139356,0.03689173349139356,False
2026-05-01 09:00:06,worker_anon_01,2.036,1.535,1.1,0.97,sample,INSPECT_4,1.0,-0.09600000000000009,-0.030000000000000027,0.10057832768544135,0.10057832768544135,False
2026-05-01 09:00:07,worker_anon_01,2.126,1.573,1.1,0.92,sample,INSPECT_4,1.0,0.08999999999999986,0.038000000000000034,0.09769339793455839,0.09769339793455839,False
2026-05-01 09:00:08,worker_anon_01,2.138,1.545,1.1,0.98,sample,INSPECT_4,1.0,0.01200000000000001,-0.028000000000000025,0.03046309242345566,0.03046309242345566,False
2026-05-01 09:00:09,worker_anon_01,2.061,1.57,1.1,0.81,sample,INSPECT_4,1.0,-0.07699999999999996,0.025000000000000133,0.08095677859203639,0.08095677859203639,False
2026-05-01 09:00:10,worker_anon_01,2.056,1.541,1.1,0.82,sample,INSPECT_4,1.0,-0.004999999999999893,-0.029000000000000137,0.02942787793912444,0.02942787793912444,False
2026-05-01 09:00:11,worker_anon_01,2.149,1.612,1.1,0.87,sample,INSPECT_4,1.0,0.09299999999999997,0.07100000000000017,0.11700427342623013,0.11700427342623013,False
2026-05-01 09:00:12,worker_anon_01,2.124,1.555,1.1,0.84,sample,INSPECT_4,1.0,-0.02499999999999991,-0.05700000000000016,0.062241465278381855,0.062241465278381855,False
2026-05-01 09:00:13,worker_anon_01,2.094,1.67,1.1,0.93,sample,INSPECT_4,1.0,-0.03000000000000025,0.11499999999999999,0.11884864324004718,0.11884864324004718,False
2026-05-01 09:00:14,worker_anon_01,2.078,1.593,1.1,0.93,sample,INSPECT_4,1.0,-0.016000000000000014,-0.07699999999999996,0.078644770964127,0.078644770964127,False
2026-05-01 09:00:15,worker_anon_01,2.117,1.648,1.1,0.8,sample,INSPECT_4,1.0,0.039000000000000146,0.05499999999999994,0.06742403132415033,0.06742403132415033,False
2026-05-01 09:00:16,worker_anon_01,2.035,1.575,1.1,0.97,sample,INSPECT_4,1.0,-0.08199999999999985,-0.07299999999999995,0.10978615577567133,0.10978615577567133,False
2026-05-01 09:00:17,worker_anon_01,2.128,1.576,1.1,0.9,sample,INSPECT_4,1.0,0.09299999999999997,0.001000000000000112,0.09300537618869135,0.09300537618869135,False
2026-05-01 09:00:18,worker_anon_01,2.107,1.641,1.1,0.83,sample,INSPECT_4,1.0,-0.020999999999999908,0.06499999999999995,0.06830812543175217,0.06830812543175217,False
2026-05-01 09:00:19,worker_anon_01,2.066,1.629,1.1,0.88,sample,INSPECT_4,1.0,-0.04100000000000037,-0.01200000000000001,0.04272001872658801,0.04272001872658801,False
2026-05-01 09:00:20,worker_anon_01,2.056,1.58,1.1,0.87,sample,INSPECT_4,1.0,-0.009999999999999787,-0.04899999999999993,0.050009999000199847,0.050009999000199847,False
2026-05-01 09:00:21,worker_anon_01,2.189,1.72,1.1,0.95,sample,INSPECT_4,1.0,0.133,0.1399999999999999,0.19310359913787203,0.19310359913787203,False
2026-05-01 09:00:22,worker_anon_01,2.196,1.834,1.1,0.93,sample,INSPECT_4,1.0,0.007000000000000117,0.1140000000000001,0.11421471008587303,0.11421471008587303,False
2026-05-01 09:00:23,worker_anon_01,2.274,1.891,1.1,0.89,sample,INSPECT_4,1.0,0.07799999999999985,0.05699999999999994,0.09660745312862755,0.09660745312862755,False
2026-05-01 09:00:24,worker_anon_01,2.371,2.039,1.1,0.92,sample,INSPECT_4,1.0,0.09699999999999998,0.14800000000000013,0.17695479648769072,0.17695479648769072,False
2026-05-01 09:00:25,worker_anon_01,2.443,2.089,1.1,0.86,sample,INSPECT_4,1.0,0.07200000000000006,0.04999999999999982,0.08765842800324446,0.08765842800324446,False
2026-05-01 09:00:26,worker_anon_01,2.482,2.257,1.1,0.92,sample,OUTSIDE,1.0,0.039000000000000146,0.16800000000000015,0.1724673882216579,0.1724673882216579,False
2026-05-01 09:00:27,worker_anon_01,2.595,2.354,1.1,0.82,sample,OUTSIDE,1.0,0.11299999999999999,0.09699999999999998,0.14892279879185724,0.14892279879185724,False
2026-05-01 09:00:28,worker_anon_01,2.66,2.406,1.1,0.78,sample,OUTSIDE,1.0,0.06499999999999995,0.052000000000000046,0.08324061508662702,0.08324061508662702,False
2026-05-01 09:00:29,worker_anon_01,2.715,2.538,1.1,0.87,sample,OUTSIDE,1.0,0.054999999999999716,0.13199999999999967,0.1429999999999996,0.1429999999999996,False
2026-05-01 09:00:30,worker_anon_01,2.766,2.674,1.1,0.8,sample,OUTSIDE,1.0,0.051000000000000156,0.13600000000000012,0.1452480636703982,0.1452480636703982,False
2026-05-01 09:00:31,worker_anon_01,2.857,2.739,1.1,0.82,sample,OUTSIDE,1.0,0.09100000000000019,0.06499999999999995,0.11183022847155427,0.11183022847155427,False
2026-05-01 09:00:32,worker_anon_01,2.865,2.846,1.1,0.92,sample,OUTSIDE,1.0,0.008000000000000007,0.1070000000000002,0.10729864864013919,0.10729864864013919,False
2026-05-01 09:00:33,worker_anon_01,2.954,2.938,1.1,0.8,sample,OUTSIDE,1.0,0.08899999999999997,0.09200000000000008,0.12800390619039723,0.12800390619039723,False
2026-05-01 09:00:34,worker_anon_01,3.001,3.024,1.1,0.95,sample,BUFFER,1.0,0.04699999999999971,0.08599999999999985,0.09800510190801266,0.09800510190801266,False
2026-05-01 09:00:35,worker_anon_01,3.083,3.171,1.1,0.81,sample,BUFFER,1.0,0.0820000000000003,0.1469999999999998,0.16832409215557942,0.16832409215557942,False
2026-05-01 09:00:36,worker_anon_01,3.15,3.241,1.1,0.83,sample,OUTSIDE,1.0,0.06699999999999973,0.07000000000000028,0.09689685237405807,0.09689685237405807,False
2026-05-01 09:00:37,worker_anon_01,3.245,3.338,1.1,0.79,sample,OUTSIDE,1.0,0.0950000000000002,0.09699999999999998,0.13577186748365816,0.13577186748365816,False
2026-05-01 09:00:38,worker_anon_01,3.331,3.458,1.1,0.89,sample,OUTSIDE,1.0,0.08599999999999985,0.1200000000000001,0.1476346842716846,0.1476346842716846,False
2026-05-01 09:00:39,worker_anon_01,3.372,3.592,1.1,0.86,sample,OUTSIDE,1.0,0.040999999999999925,0.1339999999999999,0.14013208055259854,0.14013208055259854,False
2026-05-01 09:00:40,worker_anon_01,3.401,3.682,1.1,0.89,sample,OUTSIDE,1.0,0.028999999999999915,0.08999999999999986,0.09455686120002064,0.09455686120002064,False
2026-05-01 09:00:41,worker_anon_01,3.522,3.817,1.1,0.82,sample,OUTSIDE,1.0,0.121,0.13500000000000023,0.18128982321134318,0.18128982321134318,False
2026-05-01 09:00:42,worker_anon_01,3.591,3.87,1.1,0.9,sample,OUTSIDE,1.0,0.0690000000000004,0.052999999999999936,0.08700574693662509,0.08700574693662509,False
2026-05-01 09:00:43,worker_anon_01,3.634,4.01,1.1,0.93,sample,LABEL,1.0,0.042999999999999705,0.13999999999999968,0.14645477117526723,0.14645477117526723,False
2026-05-01 09:00:44,worker_anon_01,3.74,4.126,1.1,0.89,sample,LABEL,1.0,0.10600000000000032,0.11600000000000055,0.15713688300332354,0.15713688300332354,False
2026-05-01 09:00:45,worker_anon_01,3.753,4.189,1.1,0.89,sample,LABEL,1.0,0.0129999999999999,0.06299999999999972,0.06432728814430126,0.06432728814430126,False
2026-05-01 09:00:46,worker_anon_01,3.798,4.329,1.1,0.83,sample,LABEL,1.0,0.04499999999999993,0.13999999999999968,0.1470544116985271,0.1470544116985271,False
2026-05-01 09:00:47,worker_anon_01,3.87,4.393,1.1,0.91,sample,LABEL,1.0,0.07200000000000006,0.06400000000000006,0.09633275663033845,0.09633275663033845,False
2026-05-01 09:00:48,worker_anon_01,3.945,4.404,1.1,0.91,sample,LABEL,1.0,0.07499999999999973,0.01100000000000012,0.07580237463298867,0.07580237463298867,False
2026-05-01 09:00:49,worker_anon_01,3.969,4.372,1.1,0.93,sample,LABEL,1.0,0.02400000000000002,-0.03200000000000003,0.040000000000000036,0.040000000000000036,False
2026-05-01 09:00:50,worker_anon_01,3.93,4.377,1.1,0.85,sample,LABEL,1.0,-0.0389999999999997,0.004999999999999893,0.03931920650267469,0.03931920650267469,False
2026-05-01 09:00:51,worker_anon_01,3.886,4.424,1.1,0.88,sample,LABEL,1.0,-0.04400000000000004,0.0470000000000006,0.06438167441127995,0.06438167441127995,False
2026-05-01 09:00:52,worker_anon_01,3.966,4.403,1.1,0.97,sample,LABEL,1.0,0.08000000000000007,-0.021000000000000796,0.08271033792700913,0.08271033792700913,False
2026-05-01 09:00:53,worker_anon_01,3.865,4.363,1.1,0.86,sample,LABEL,1.0,-0.10099999999999998,-0.03999999999999915,0.10863240768757695,0.10863240768757695,False
2026-05-01 09:00:54,worker_anon_01,3.953,4.374,1.1,0.87,sample,LABEL,1.0,0.08799999999999963,0.010999999999999233,0.08868483523128359,0.08868483523128359,False
2026-05-01 09:00:55,worker_anon_01,3.957,4.343,1.1,0.89,sample,LABEL,1.0,0.0040000000000000036,-0.030999999999999694,0.031256999216175266,0.031256999216175266,False
2026-05-01 09:00:56,worker_anon_01,3.864,4.353,1.1,0.8,sample,LABEL,1.0,-0.09299999999999997,0.009999999999999787,0.0935360892917808,0.0935360892917808,False
2026-05-01 09:00:57,worker_anon_01,3.869,4.454,1.1,0.84,sample,LABEL,1.0,0.0050000000000003375,0.10099999999999998,0.10112368664165682,0.10112368664165682,False
2026-05-01 09:00:58,worker_anon_01,3.816,4.29,1.1,0.84,sample,LABEL,1.0,-0.05300000000000038,-0.1639999999999997,0.17235138525698,0.17235138525698,False
2026-05-01 09:00:59,worker_anon_01,3.733,4.175,1.1,0.89,sample,LABEL,1.0,-0.08299999999999974,-0.11500000000000021,0.14182383438618493,0.14182383438618493,False
2026-05-01 09:01:00,worker_anon_01,3.731,4.127,1.1,0.82,sample,LABEL,1.0,-0.002000000000000224,-0.04800000000000004,0.048041648597857305,0.048041648597857305,False
2026-05-01 09:01:01,worker_anon_01,3.629,3.98,1.1,0.88,sample,OUTSIDE,1.0,-0.10199999999999987,-0.1469999999999998,0.1789217706149811,0.1789217706149811,False
2026-05-01 09:01:02,worker_anon_01,3.538,3.896,1.1,0.88,sample,OUTSIDE,1.0,-0.09100000000000019,-0.08400000000000007,0.12384264209067912,0.12384264209067912,False
2026-05-01 09:01:03,worker_anon_01,3.474,3.802,1.1,0.91,sample,OUTSIDE,1.0,-0.06399999999999961,-0.09399999999999986,0.11371895180663566,0.11371895180663566,False
2026-05-01 09:01:04,worker_anon_01,3.436,3.683,1.1,0.87,sample,OUTSIDE,1.0,-0.038000000000000256,-0.11900000000000022,0.12491997438360317,0.12491997438360317,False
2026-05-01 09:01:05,worker_anon_01,3.337,3.533,1.1,0.91,sample,OUTSIDE,1.0,-0.09899999999999975,-0.1499999999999999,0.1797247896090017,0.1797247896090017,False
2026-05-01 09:01:06,worker_anon_01,3.332,3.467,1.1,0.92,sample,OUTSIDE,1.0,-0.0050000000000003375,-0.06599999999999984,0.06618912297349151,0.06618912297349151,False
2026-05-01 09:01:07,worker_anon_01,3.246,3.327,1.1,0.82,sample,OUTSIDE,1.0,-0.08599999999999985,-0.14000000000000012,0.16430459518832702,0.16430459518832702,False
2026-05-01 09:01:08,worker_anon_01,3.138,3.231,1.1,0.83,sample,OUTSIDE,1.0,-0.1080000000000001,-0.09600000000000009,0.14449913494550767,0.14449913494550767,False
2026-05-01 09:01:09,worker_anon_01,3.128,3.167,1.1,0.95,sample,BUFFER,1.0,-0.009999999999999787,-0.06400000000000006,0.06477653896280662,0.06477653896280662,False
2026-05-01 09:01:10,worker_anon_01,3.071,3.038,1.1,0.83,sample,BUFFER,1.0,-0.05699999999999994,-0.129,0.14103191128251788,0.14103191128251788,False
2026-05-01 09:01:11,worker_anon_01,2.955,2.969,1.1,0.88,sample,OUTSIDE,1.0,-0.1160000000000001,-0.06899999999999995,0.13497036711811974,0.13497036711811974,False
2026-05-01 09:01:12,worker_anon_01,2.94,2.844,1.1,0.92,sample,OUTSIDE,1.0,-0.015000000000000124,-0.125,0.12589678312014171,0.12589678312014171,False
2026-05-01 09:01:13,worker_anon_01,2.831,2.76,1.1,0.93,sample,OUTSIDE,1.0,-0.10899999999999999,-0.08400000000000007,0.13761177275218864,0.13761177275218864,False
2026-05-01 09:01:14,worker_anon_01,2.762,2.617,1.1,0.83,sample,OUTSIDE,1.0,-0.06899999999999995,-0.1429999999999998,0.1587765725792062,0.1587765725792062,False
2026-05-01 09:01:15,worker_anon_01,2.711,2.549,1.1,0.82,sample,OUTSIDE,1.0,-0.051000000000000156,-0.06800000000000006,0.08500000000000014,0.08500000000000014,False
2026-05-01 09:01:16,worker_anon_01,2.669,2.46,1.1,0.93,sample,OUTSIDE,1.0,-0.041999999999999815,-0.08899999999999997,0.0984123975929861,0.0984123975929861,False
2026-05-01 09:01:17,worker_anon_01,2.527,2.288,1.1,0.94,sample,OUTSIDE,1.0,-0.1419999999999999,-0.17200000000000015,0.22304259682849828,0.22304259682849828,False
2026-05-01 09:01:18,worker_anon_01,2.516,2.228,1.1,0.95,sample,OUTSIDE,1.0,-0.01100000000000012,-0.05999999999999961,0.06099999999999964,0.06099999999999964,False
2026-05-01 09:01:19,worker_anon_01,2.399,2.141,1.1,0.88,sample,INSPECT_4,1.0,-0.11699999999999999,-0.08700000000000019,0.1458012345626745,0.1458012345626745,False
2026-05-01 09:01:20,worker_anon_01,2.345,1.979,1.1,0.88,sample,INSPECT_4,1.0,-0.053999999999999826,-0.16199999999999992,0.17076299364909237,0.17076299364909237,False
2026-05-01 09:01:21,worker_anon_01,2.305,1.939,1.1,0.89,sample,INSPECT_4,1.0,-0.040000000000000036,-0.040000000000000036,0.05656854249492385,0.05656854249492385,False
2026-05-01 09:01:22,worker_anon_01,2.201,1.801,1.1,0.94,sample,INSPECT_4,1.0,-0.10400000000000009,-0.13800000000000012,0.17280046296234294,0.17280046296234294,False
2026-05-01 09:01:23,worker_anon_01,2.2,1.74,1.1,0.94,sample,INSPECT_4,1.0,-0.0009999999999998899,-0.06099999999999994,0.061008196170678514,0.061008196170678514,False
2026-05-01 09:01:24,worker_anon_01,2.08,1.608,1.1,0.9,sample,INSPECT_4,1.0,-0.1200000000000001,-0.1319999999999999,0.17839282496782205,0.17839282496782205,False
2026-05-01 09:01:25,worker_anon_01,2.037,1.54,1.1,0.94,sample,INSPECT_4,1.0,-0.04300000000000015,-0.06800000000000006,0.08045495634204285,0.08045495634204285,False
2026-05-01 09:01:26,worker_anon_01,2.032,1.608,1.1,0.95,sample,INSPECT_4,1.0,-0.004999999999999893,0.06800000000000006,0.0681835757349232,0.0681835757349232,False
2026-05-01 09:01:27,worker_anon_01,2.05,1.615,1.1,0.94,sample,INSPECT_4,1.0,0.017999999999999794,0.006999999999999895,0.019313207915827735,0.019313207915827735,False
2026-05-01 09:01:28,worker_anon_01,2.131,1.605,1.1,0.81,sample,INSPECT_4,1.0,0.08099999999999996,-0.010000000000000009,0.08161494961096279,0.08161494961096279,False
2026-05-01 09:01:29,worker_anon_01,2.138,1.659,1.1,0.83,sample,INSPECT_4,1.0,0.007000000000000117,0.05400000000000005,0.054451813560247996,0.054451813560247996,False
2026-05-01 09:01:30,worker_anon_01,2.089,1.547,1.1,0.85,sample,INSPECT_4,1.0,-0.04899999999999993,-0.1120000000000001,0.12224974437601092,0.12224974437601092,False
2026-05-01 09:01:31,worker_anon_01,2.079,1.557,1.1,0.92,sample,INSPECT_4,1.0,-0.009999999999999787,0.010000000000000009,0.014142135623730807,0.014142135623730807,False
2026-05-01 09:01:32,worker_anon_01,2.152,1.557,1.1,0.98,sample,INSPECT_4,1.0,0.07299999999999995,0.0,0.07299999999999995,0.07299999999999995,False
2026-05-01 09:01:33,worker_anon_01,2.07,1.561,1.1,0.82,sample,INSPECT_4,1.0,-0.0820000000000003,0.0040000000000000036,0.08209750300709547,0.08209750300709547,False
2026-05-01 09:01:34,worker_anon_01,2.16,1.651,1.1,0.91,sample,INSPECT_4,1.0,0.0900000000000003,0.09000000000000008,0.12727922061357883,0.12727922061357883,False
2026-05-01 09:01:35,worker_anon_01,2.122,1.613,1.1,0.84,sample,INSPECT_4,1.0,-0.038000000000000256,-0.038000000000000034,0.05374011537017782,0.05374011537017782,False
2026-05-01 09:01:36,worker_anon_01,2.102,1.536,1.1,0.97,sample,INSPECT_4,1.0,-0.020000000000000018,-0.07699999999999996,0.07955501241279518,0.07955501241279518,False
2026-05-01 09:01:37,worker_anon_01,2.154,1.664,1.1,0.86,sample,INSPECT_4,1.0,0.052000000000000046,0.1279999999999999,0.13815932831336428,0.13815932831336428,False
2026-05-01 09:01:38,worker_anon_01,2.116,1.579,1.1,0.96,sample,INSPECT_4,1.0,-0.03799999999999981,-0.08499999999999996,0.09310746479203469,0.09310746479203469,False
2026-05-01 09:01:39,worker_anon_01,2.042,1.63,1.1,0.83,sample,INSPECT_4,1.0,-0.07400000000000029,0.050999999999999934,0.08987213138676547,0.08987213138676547,False
2026-05-01 09:01:40,worker_anon_01,2.066,1.607,1.1,0.86,sample,INSPECT_4,1.0,0.02400000000000002,-0.02299999999999991,0.03324154027718928,0.03324154027718928,False
2026-05-01 09:01:41,worker_anon_01,2.14,1.559,1.1,0.9,sample,INSPECT_4,1.0,0.07400000000000029,-0.04800000000000004,0.08820430828480005,0.08820430828480005,False
2026-05-01 09:01:42,worker_anon_01,2.082,1.564,1.1,0.95,sample,INSPECT_4,1.0,-0.058000000000000274,0.0050000000000001155,0.05821511831131182,0.05821511831131182,False
2026-05-01 09:01:43,worker_anon_01,2.118,1.641,1.1,0.96,sample,INSPECT_4,1.0,0.03600000000000003,0.07699999999999996,0.08499999999999998,0.08499999999999998,False
2026-05-01 09:01:44,worker_anon_01,2.07,1.543,1.1,0.84,sample,INSPECT_4,1.0,-0.04800000000000004,-0.09800000000000009,0.10912378292563002,0.10912378292563002,False
2026-05-01 09:01:45,worker_anon_01,2.111,1.587,1.1,0.89,sample,INSPECT_4,1.0,0.04100000000000037,0.04400000000000004,0.06014149981501986,0.06014149981501986,False
2026-05-01 09:01:46,worker_anon_01,2.045,1.63,1.1,0.92,sample,INSPECT_4,1.0,-0.06600000000000028,0.04299999999999993,0.0787718223732321,0.0787718223732321,False
2026-05-01 09:01:47,worker_anon_01,2.072,1.579,1.1,0.94,sample,INSPECT_4,1.0,0.027000000000000135,-0.050999999999999934,0.05770615218501404,0.05770615218501404,False
2026-05-01 09:01:48,worker_anon_01,2.148,1.642,1.1,0.96,sample,INSPECT_4,1.0,0.07600000000000007,0.06299999999999994,0.09871676655968835,0.09871676655968835,False
2026-05-01 09:01:49,worker_anon_01,2.071,1.632,1.1,0.85,sample,INSPECT_4,1.0,-0.07699999999999996,-0.010000000000000009,0.07764663547121661,0.07764663547121661,False
2026-05-01 09:01:50,worker_anon_01,2.198,1.566,1.1,0.94,sample,INSPECT_4,1.0,0.12699999999999978,-0.06599999999999984,0.14312581877495031,0.14312581877495031,False
2026-05-01 09:01:51,worker_anon_01,2.325,1.488,1.1,0.84,sample,INSPECT_4,1.0,0.12700000000000022,-0.07800000000000007,0.14904026301640796,0.14904026301640796,False
2026-05-01 09:01:52,worker_anon_01,2.432,1.361,1.1,0.83,sample,INSPECT_4,1.0,0.10699999999999976,-0.127,0.1660662518394389,0.1660662518394389,False
2026-05-01 09:01:53,worker_anon_01,2.512,1.328,1.1,0.9,sample,INSPECT_4,1.0,0.08000000000000007,-0.03299999999999992,0.08653900854527978,0.08653900854527978,False
2026-05-01 09:01:54,worker_anon_01,2.63,1.248,1.1,0.81,sample,INSPECT_4,1.0,0.11799999999999988,-0.08000000000000007,0.14256226709757383,0.14256226709757383,False
2026-05-01 09:01:55,worker_anon_01,2.721,1.203,1.1,0.93,sample,INSPECT_4,1.0,0.09100000000000019,-0.04499999999999993,0.101518471225684,0.101518471225684,False
2026-05-01 09:01:56,worker_anon_01,2.839,1.131,1.1,0.94,sample,OUTSIDE,1.0,0.11799999999999988,-0.07200000000000006,0.13823168956501972,0.13823168956501972,False
2026-05-01 09:01:57,worker_anon_01,2.928,1.082,1.1,0.93,sample,OUTSIDE,1.0,0.08899999999999997,-0.04899999999999993,0.10159724405711007,0.10159724405711007,False
2026-05-01 09:01:58,worker_anon_01,2.978,0.971,1.1,0.91,sample,OUTSIDE,1.0,0.050000000000000266,-0.1110000000000001,0.12174152947946747,0.12174152947946747,False
2026-05-01 09:01:59,worker_anon_01,3.076,0.902,1.1,0.87,sample,OUTSIDE,1.0,0.09799999999999986,-0.06899999999999995,0.1198540779448074,0.1198540779448074,False
2026-05-01 09:02:00,worker_anon_01,3.198,0.889,1.1,0.95,sample,OUTSIDE,1.0,0.12199999999999989,-0.013000000000000012,0.1226906679417794,0.1226906679417794,False
2026-05-01 09:02:01,worker_anon_01,3.298,0.838,1.1,0.9,sample,OUTSIDE,1.0,0.10000000000000009,-0.051000000000000045,0.11225417586887368,0.11225417586887368,False
2026-05-01 09:02:02,worker_anon_01,3.396,0.718,1.1,0.86,sample,BOX,1.0,0.09799999999999986,-0.12,0.15493224325491442,0.15493224325491442,False
2026-05-01 09:02:03,worker_anon_01,3.464,0.652,1.1,0.89,sample,BOX,1.0,0.06800000000000006,-0.06599999999999995,0.09476286192385708,0.09476286192385708,False
2026-05-01 09:02:04,worker_anon_01,3.583,0.625,1.1,0.91,sample,BOX,1.0,0.11900000000000022,-0.027000000000000024,0.12202458768625302,0.12202458768625302,False
2026-05-01 09:02:05,worker_anon_01,3.705,0.53,1.1,0.95,sample,BOX,1.0,0.12199999999999989,-0.09499999999999997,0.15462535367784924,0.15462535367784924,False
2026-05-01 09:02:06,worker_anon_01,3.794,0.482,1.1,0.92,sample,BOX,1.0,0.08899999999999997,-0.04800000000000004,0.1011187420807834,0.1011187420807834,False
2026-05-01 09:02:07,worker_anon_01,3.902,0.367,1.1,0.93,sample,BOX,1.0,0.1080000000000001,-0.11499999999999999,0.15776247969653626,0.15776247969653626,False
2026-05-01 09:02:08,worker_anon_01,3.861,0.42,1.1,0.86,sample,BOX,1.0,-0.040999999999999925,0.05299999999999999,0.06700746227100376,0.06700746227100376,False
2026-05-01 09:02:09,worker_anon_01,3.912,0.374,1.1,0.86,sample,BOX,1.0,0.05099999999999971,-0.045999999999999985,0.06868041933477088,0.06868041933477088,False
2026-05-01 09:02:10,worker_anon_01,3.896,0.447,1.1,0.95,sample,BOX,1.0,-0.016000000000000014,0.07300000000000001,0.07473285756613353,0.07473285756613353,False
2026-05-01 09:02:11,worker_anon_01,3.908,0.441,1.1,0.95,sample,BOX,1.0,0.01200000000000001,-0.006000000000000005,0.01341640786499875,0.01341640786499875,False
2026-05-01 09:02:12,worker_anon_01,3.884,0.379,1.1,0.89,sample,BOX,1.0,-0.02400000000000002,-0.062,0.06648308055437865,0.06648308055437865,False
2026-05-01 09:02:13,worker_anon_01,3.964,0.415,1.1,0.93,sample,BOX,1.0,0.08000000000000007,0.035999999999999976,0.0877268487978453,0.0877268487978453,False
2026-05-01 09:02:14,worker_anon_01,3.849,0.344,1.1,0.92,sample,BOX,1.0,-0.11499999999999977,-0.07100000000000001,0.13515176654413344,0.13515176654413344,False
2026-05-01 09:02:15,worker_anon_01,3.926,0.363,1.1,0.93,sample,BOX,1.0,0.07699999999999996,0.019000000000000017,0.07930952023559336,0.07930952023559336,False
2026-05-01 09:02:16,worker_anon_01,3.931,0.446,1.1,0.96,sample,BOX,1.0,0.004999999999999893,0.08300000000000002,0.08315046602394963,0.08315046602394963,False
2026-05-01 09:02:17,worker_anon_01,3.849,0.354,1.1,0.95,sample,BOX,1.0,-0.08199999999999985,-0.09200000000000003,0.12323960402403109,0.12323960402403109,False
2026-05-01 09:02:18,worker_anon_01,3.805,0.481,1.1,0.93,sample,BOX,1.0,-0.04400000000000004,0.127,0.1344061010519984,0.1344061010519984,False
2026-05-01 09:02:19,worker_anon_01,3.697,0.525,1.1,0.8,sample,BOX,1.0,-0.1080000000000001,0.04400000000000004,0.11661903789690611,0.11661903789690611,False
2026-05-01 09:02:20,worker_anon_01,3.617,0.581,1.1,0.95,sample,BOX,1.0,-0.08000000000000007,0.05599999999999994,0.09765244492586965,0.09765244492586965,False
2026-05-01 09:02:21,worker_anon_01,3.532,0.668,1.1,0.79,sample,BOX,1.0,-0.08499999999999996,0.08700000000000008,0.12163058825805294,0.12163058825805294,False
2026-05-01 09:02:22,worker_anon_01,3.408,0.721,1.1,0.89,sample,BOX,1.0,-0.12400000000000011,0.052999999999999936,0.1348517704741025,0.1348517704741025,False
2026-05-01 09:02:23,worker_anon_01,3.286,0.761,1.1,0.93,sample,BOX,1.0,-0.12199999999999989,0.040000000000000036,0.12839003076563216,0.12839003076563216,False
2026-05-01 09:02:24,worker_anon_01,3.174,0.887,1.1,0.95,sample,OUTSIDE,1.0,-0.1120000000000001,0.126,0.1685823241030922,0.1685823241030922,False
2026-05-01 09:02:25,worker_anon_01,3.105,0.927,1.1,0.95,sample,OUTSIDE,1.0,-0.06899999999999995,0.040000000000000036,0.07975587752636164,0.07975587752636164,False
2026-05-01 09:02:26,worker_anon_01,3.006,1.0,1.1,0.79,sample,OUTSIDE,1.0,-0.0990000000000002,0.07299999999999995,0.12300406497347977,0.12300406497347977,False
2026-05-01 09:02:27,worker_anon_01,2.906,1.089,1.1,0.83,sample,OUTSIDE,1.0,-0.09999999999999964,0.08899999999999997,0.1338693392827496,0.1338693392827496,False
2026-05-01 09:02:28,worker_anon_01,2.772,1.144,1.1,0.81,sample,INSPECT_4,1.0,-0.13400000000000034,0.05499999999999994,0.1448481963988509,0.1448481963988509,False
2026-05-01 09:02:29,worker_anon_01,2.67,1.238,1.1,0.93,sample,INSPECT_4,1.0,-0.10199999999999987,0.09400000000000008,0.1387083270751976,0.1387083270751976,False
2026-05-01 09:02:30,worker_anon_01,2.592,1.303,1.1,0.87,sample,INSPECT_4,1.0,-0.07799999999999985,0.06499999999999995,0.10153324578678635,0.10153324578678635,False
2026-05-01 09:02:31,worker_anon_01,2.474,1.296,1.1,0.82,sample,INSPECT_4,1.0,-0.11799999999999988,-0.006999999999999895,0.11820744477400724,0.11820744477400724,False
2026-05-01 09:02:32,worker_anon_01,2.4,1.402,1.1,0.91,sample,INSPECT_4,1.0,-0.07400000000000029,0.10599999999999987,0.12927490088953855,0.12927490088953855,False
2026-05-01 09:02:33,worker_anon_01,2.322,1.438,1.1,0.91,sample,INSPECT_4,1.0,-0.07799999999999985,0.03600000000000003,0.085906926379658,0.085906926379658,False
2026-05-01 09:02:34,worker_anon_01,2.206,1.551,1.1,0.85,sample,INSPECT_4,1.0,-0.1160000000000001,0.11299999999999999,0.16194134740701652,0.16194134740701652,False
2026-05-01 09:02:35,worker_anon_01,2.137,1.609,1.1,0.91,sample,INSPECT_4,1.0,-0.06899999999999995,0.05800000000000005,0.09013878188659974,0.09013878188659974,False
2026-05-01 09:02:36,worker_anon_01,2.146,1.656,1.1,0.84,sample,INSPECT_4,1.0,0.008999999999999897,0.04699999999999993,0.04785394445602151,0.04785394445602151,False
2026-05-01 09:02:37,worker_anon_01,2.132,1.584,1.1,0.93,sample,INSPECT_4,1.0,-0.01399999999999979,-0.07199999999999984,0.0733484832835688,0.0733484832835688,False
2026-05-01 09:02:38,worker_anon_01,2.099,1.575,1.1,0.89,sample,INSPECT_4,1.0,-0.03299999999999992,-0.009000000000000119,0.03420526275297409,0.03420526275297409,False
2026-05-01 09:02:39,worker_anon_01,2.057,1.58,1.1,0.83,sample,INSPECT_4,1.0,-0.04200000000000026,0.0050000000000001155,0.04229657196511347,0.04229657196511347,False
2026-05-01 09:02:40,worker_anon_01,2.139,1.631,1.1,0.95,sample,INSPECT_4,1.0,0.08199999999999985,0.050999999999999934,0.09656603957913967,0.09656603957913967,False
2026-05-01 09:02:41,worker_anon_01,2.121,1.581,1.1,0.95,sample,INSPECT_4,1.0,-0.017999999999999794,-0.050000000000000044,0.053141321022345665,0.053141321022345665,False
2026-05-01 09:02:42,worker_anon_01,2.12,1.582,1.1,0.97,sample,INSPECT_4,1.0,-0.0009999999999998899,0.001000000000000112,0.0014142135623730963,0.0014142135623730963,False
2026-05-01 09:02:43,worker_anon_01,2.147,1.63,1.1,0.86,sample,INSPECT_4,1.0,0.02699999999999969,0.04799999999999982,0.05507267925205715,0.05507267925205715,False
2026-05-01 09:02:44,worker_anon_01,2.13,1.546,1.1,0.93,sample,INSPECT_4,1.0,-0.016999999999999904,-0.08399999999999985,0.08570297544426315,0.08570297544426315,False
2026-05-01 09:02:45,worker_anon_01,2.038,1.599,1.1,0.8,sample,INSPECT_4,1.0,-0.09200000000000008,0.052999999999999936,0.10617438485811918,0.10617438485811918,False
2026-05-01 09:02:46,worker_anon_01,2.038,1.54,1.1,0.97,sample,INSPECT_4,1.0,0.0,-0.05899999999999994,0.05899999999999994,0.05899999999999994,False
2026-05-01 09:02:47,worker_anon_01,2.101,1.532,1.1,0.9,sample,INSPECT_4,1.0,0.06300000000000017,-0.008000000000000007,0.06350590523722988,0.06350590523722988,False
2026-05-01 09:02:48,worker_anon_01,2.088,1.54,1.1,0.91,sample,INSPECT_4,1.0,-0.0129999999999999,0.008000000000000007,0.015264337522473668,0.015264337522473668,False
2026-05-01 09:02:49,worker_anon_01,2.057,1.658,1.1,0.97,sample,INSPECT_4,1.0,-0.03100000000000014,0.11799999999999988,0.12200409829181962,0.12200409829181962,False
2026-05-01 09:02:50,worker_anon_01,2.157,1.655,1.1,0.82,sample,INSPECT_4,1.0,0.10000000000000009,-0.0029999999999998916,0.10004498987955376,0.10004498987955376,False
2026-05-01 09:02:51,worker_anon_01,2.097,1.565,1.1,0.9,sample,INSPECT_4,1.0,-0.06000000000000005,-0.09000000000000008,0.10816653826391978,0.10816653826391978,False
2026-05-01 09:02:52,worker_anon_01,2.083,1.607,1.1,0.92,sample,INSPECT_4,1.0,-0.01399999999999979,0.04200000000000004,0.04427188724235728,0.04427188724235728,False
2026-05-01 09:02:53,worker_anon_01,2.048,1.567,1.1,0.83,sample,INSPECT_4,1.0,-0.03500000000000014,-0.040000000000000036,0.053150729063673366,0.053150729063673366,False
2026-05-01 09:02:54,worker_anon_01,2.101,1.575,1.1,0.88,sample,INSPECT_4,1.0,0.052999999999999936,0.008000000000000007,0.053600373133029525,0.053600373133029525,False
2026-05-01 09:02:55,worker_anon_01,2.164,1.632,1.1,0.96,sample,INSPECT_4,1.0,0.06300000000000017,0.05699999999999994,0.08495881355103786,0.08495881355103786,False
2026-05-01 09:02:56,worker_anon_01,2.169,1.602,1.1,0.81,sample,INSPECT_4,1.0,0.004999999999999893,-0.029999999999999805,0.030413812651490887,0.030413812651490887,False
2026-05-01 09:02:57,worker_anon_01,2.107,1.582,1.1,0.81,sample,INSPECT_4,1.0,-0.06199999999999983,-0.020000000000000018,0.06514598989960918,0.06514598989960918,False
2026-05-01 09:02:58,worker_anon_01,2.068,1.629,1.1,0.85,sample,INSPECT_4,1.0,-0.039000000000000146,0.04699999999999993,0.06107372593840992,0.06107372593840992,False
2026-05-01 09:02:59,worker_anon_01,2.039,1.547,1.1,0.96,sample,INSPECT_4,1.0,-0.028999999999999915,-0.08200000000000007,0.08697700845625818,0.08697700845625818,False
2026-05-01 09:03:00,worker_anon_01,2.108,1.646,1.1,0.85,sample,INSPECT_4,1.0,0.06899999999999995,0.09899999999999998,0.12067311216671255,0.12067311216671255,False
2026-05-01 09:03:01,worker_anon_01,2.25,1.593,1.1,0.8,sample,INSPECT_4,1.0,0.1419999999999999,-0.052999999999999936,0.15156846637740967,0.15156846637740967,False
2026-05-01 09:03:02,worker_anon_01,2.31,1.612,1.1,0.87,sample,INSPECT_4,1.0,0.06000000000000005,0.019000000000000128,0.06293647591023835,0.06293647591023835,False
2026-05-01 09:03:03,worker_anon_01,2.447,1.566,1.1,0.81,sample,INSPECT_4,1.0,0.137,-0.04600000000000004,0.14451643505151934,0.14451643505151934,False
2026-05-01 09:03:04,worker_anon_01,2.585,1.613,1.1,0.81,sample,INSPECT_4,1.0,0.1379999999999999,0.04699999999999993,0.1457840869230931,0.1457840869230931,False
2026-05-01 09:03:05,worker_anon_01,2.689,1.61,1.1,0.78,sample,INSPECT_4,1.0,0.10400000000000009,-0.0029999999999998916,0.10404326023342415,0.10404326023342415,False
2026-05-01 09:03:06,worker_anon_01,2.853,1.636,1.1,0.87,sample,OUTSIDE,1.0,0.16400000000000015,0.0259999999999998,0.16604818577750266,0.16604818577750266,False
2026-05-01 09:03:07,worker_anon_01,2.921,1.587,1.1,0.82,sample,OUTSIDE,1.0,0.06799999999999962,-0.04899999999999993,0.0838152730712007,0.0838152730712007,False
2026-05-01 09:03:08,worker_anon_01,3.081,1.617,1.1,0.79,sample,OUTSIDE,1.0,0.16000000000000014,0.030000000000000027,0.16278820596099722,0.16278820596099722,False
2026-05-01 09:03:09,worker_anon_01,3.175,1.628,1.1,0.89,sample,OUTSIDE,1.0,0.09399999999999986,0.010999999999999899,0.09464142856064658,0.09464142856064658,False
2026-05-01 09:03:10,worker_anon_01,3.309,1.575,1.1,0.87,sample,OUTSIDE,1.0,0.13400000000000034,-0.052999999999999936,0.14410065926289192,0.14410065926289192,False
2026-05-01 09:03:11,worker_anon_01,3.44,1.601,1.1,0.83,sample,OUTSIDE,1.0,0.13099999999999978,0.026000000000000023,0.13355523202031414,0.13355523202031414,False
2026-05-01 09:03:12,worker_anon_01,3.534,1.624,1.1,0.95,sample,OUTSIDE,1.0,0.09399999999999986,0.02300000000000013,0.09677293009927922,0.09677293009927922,False
2026-05-01 09:03:13,worker_anon_01,3.7,1.627,1.1,0.94,sample,OUTSIDE,1.0,0.16600000000000037,0.0029999999999998916,0.16602710622064135,0.16602710622064135,False
2026-05-01 09:03:14,worker_anon_01,3.84,1.612,1.1,0.83,sample,OUTSIDE,1.0,0.13999999999999968,-0.014999999999999902,0.1408012784032869,0.1408012784032869,False
2026-05-01 09:03:15,worker_anon_01,3.974,1.591,1.1,0.79,sample,OUTSIDE,1.0,0.13400000000000034,-0.02100000000000013,0.13563554106501766,0.13563554106501766,False
2026-05-01 09:03:16,worker_anon_01,4.082,1.619,1.1,0.79,sample,OUTSIDE,1.0,0.10799999999999965,0.028000000000000025,0.1115706054478505,0.1115706054478505,False
2026-05-01 09:03:17,worker_anon_01,4.176,1.608,1.1,0.9,sample,OUTSIDE,1.0,0.0940000000000003,-0.010999999999999899,0.09464142856064703,0.09464142856064703,False
2026-05-01 09:03:18,worker_anon_01,4.309,1.621,1.1,0.94,sample,OUTSIDE,1.0,0.133,0.0129999999999999,0.13363382805263047,0.13363382805263047,False
2026-05-01 09:03:19,worker_anon_01,4.39,1.625,1.1,0.81,sample,OUTSIDE,1.0,0.08099999999999952,0.0040000000000000036,0.08109870529176111,0.08109870529176111,False
2026-05-01 09:03:20,worker_anon_01,4.578,1.606,1.1,0.93,sample,OUTSIDE,1.0,0.1880000000000006,-0.018999999999999906,0.18895766721676108,0.18895766721676108,False
2026-05-01 09:03:21,worker_anon_01,4.697,1.573,1.1,0.89,sample,OUTSIDE,1.0,0.11899999999999977,-0.03300000000000014,0.12349089035228451,0.12349089035228451,False
2026-05-01 09:03:22,worker_anon_01,4.761,1.624,1.1,0.91,sample,OUTSIDE,1.0,0.06400000000000006,0.051000000000000156,0.0818352002502592,0.0818352002502592,False
2026-05-01 09:03:23,worker_anon_01,4.95,1.61,1.1,0.93,sample,OUTSIDE,1.0,0.18900000000000006,-0.014000000000000012,0.18951780918953243,0.18951780918953243,False
2026-05-01 09:03:24,worker_anon_01,5.034,1.6,1.1,0.87,sample,OUTSIDE,1.0,0.08399999999999963,-0.010000000000000009,0.08459314393022604,0.08459314393022604,False
2026-05-01 09:03:25,worker_anon_01,5.17,1.63,1.1,0.78,sample,OUTSIDE,1.0,0.13600000000000012,0.029999999999999805,0.13926952286842956,0.13926952286842956,False
2026-05-01 09:03:26,worker_anon_01,5.287,1.616,1.1,0.83,sample,INSPECT_5,1.0,0.11699999999999999,-0.01399999999999979,0.1178346298844274,0.1178346298844274,False
2026-05-01 09:03:27,worker_anon_01,5.375,1.585,1.1,0.86,sample,INSPECT_5,1.0,0.08800000000000008,-0.03100000000000014,0.09330058949438648,0.09330058949438648,False
2026-05-01 09:03:28,worker_anon_01,5.541,1.584,1.1,0.79,sample,INSPECT_5,1.0,0.16600000000000037,-0.0009999999999998899,0.16600301202086704,0.16600301202086704,False
2026-05-01 09:03:29,worker_anon_01,5.663,1.586,1.1,0.83,sample,INSPECT_5,1.0,0.12199999999999989,0.0020000000000000018,0.12201639234135704,0.12201639234135704,False
2026-05-01 09:03:30,worker_anon_01,5.741,1.59,1.1,0.85,sample,INSPECT_5,1.0,0.0779999999999994,0.0040000000000000036,0.07810249675906596,0.07810249675906596,False
2026-05-01 09:03:31,worker_anon_01,5.896,1.62,1.1,0.93,sample,INSPECT_5,1.0,0.15500000000000025,0.030000000000000027,0.15787653403846968,0.15787653403846968,False
2026-05-01 09:03:32,worker_anon_01,5.969,1.608,1.1,0.91,sample,INSPECT_5,1.0,0.0730000000000004,-0.01200000000000001,0.07397972695272712,0.07397972695272712,False
2026-05-01 09:03:33,worker_anon_01,5.845,1.579,1.1,0.88,sample,INSPECT_5,1.0,-0.12400000000000055,-0.029000000000000137,0.12734598540982808,0.12734598540982808,False
2026-05-01 09:03:34,worker_anon_01,5.9,1.576,1.1,0.85,sample,INSPECT_5,1.0,0.055000000000000604,-0.0029999999999998916,0.05508175741568224,0.05508175741568224,False
2026-05-01 09:03:35,worker_anon_01,5.961,1.532,1.1,0.87,sample,INSPECT_5,1.0,0.06099999999999994,-0.04400000000000004,0.07521303078589504,0.07521303078589504,False
2026-05-01 09:03:36,worker_anon_01,5.838,1.645,1.1,0.91,sample,INSPECT_5,1.0,-0.12300000000000022,0.11299999999999999,0.16702694393420497,0.16702694393420497,False
2026-05-01 09:03:37,worker_anon_01,5.956,1.554,1.1,0.88,sample,INSPECT_5,1.0,0.11800000000000033,-0.09099999999999997,0.1490134222142424,0.1490134222142424,False
2026-05-01 09:03:38,worker_anon_01,5.952,1.565,1.1,0.92,sample,INSPECT_5,1.0,-0.004000000000000448,0.010999999999999899,0.011704699910719683,0.011704699910719683,False
2026-05-01 09:03:39,worker_anon_01,5.837,1.626,1.1,0.91,sample,INSPECT_5,1.0,-0.11500000000000021,0.06099999999999994,0.1301768028490485,0.1301768028490485,False
2026-05-01 09:03:40,worker_anon_01,5.873,1.594,1.1,0.84,sample,INSPECT_5,1.0,0.036000000000000476,-0.031999999999999806,0.04816637831516941,0.04816637831516941,False
2026-05-01 09:03:41,worker_anon_01,5.936,1.611,1.1,0.81,sample,INSPECT_5,1.0,0.06299999999999972,0.016999999999999904,0.06525335240430151,0.06525335240430151,False
2026-05-01 09:03:42,worker_anon_01,5.911,1.555,1.1,0.96,sample,INSPECT_5,1.0,-0.025000000000000355,-0.05600000000000005,0.06132699242584805,0.06132699242584805,False
2026-05-01 09:03:43,worker_anon_01,5.926,1.627,1.1,0.86,sample,INSPECT_5,1.0,0.015000000000000568,0.07200000000000006,0.07354590403278775,0.07354590403278775,False
2026-05-01 09:03:44,worker_anon_01,5.969,1.649,1.1,0.94,sample,INSPECT_5,1.0,0.04300000000000015,0.02200000000000002,0.04830113870293343,0.04830113870293343,False
2026-05-01 09:03:45,worker_anon_01,5.83,1.661,1.1,0.93,sample,INSPECT_5,1.0,-0.13900000000000023,0.01200000000000001,0.1395170240508307,0.1395170240508307,False
2026-05-01 09:03:46,worker_anon_01,5.907,1.554,1.1,0.88,sample,INSPECT_5,1.0,0.07699999999999996,-0.10699999999999998,0.13182564242210235,0.13182564242210235,False
2026-05-01 09:03:47,worker_anon_01,5.868,1.697,1.1,0.81,sample,INSPECT_5,1.0,-0.0389999999999997,0.14300000000000002,0.1482228052628879,0.1482228052628879,False
2026-05-01 09:03:48,worker_anon_01,5.776,1.829,1.1,0.78,sample,INSPECT_5,1.0,-0.09200000000000053,0.1319999999999999,0.16089748288895034,0.16089748288895034,False
2026-05-01 09:03:49,worker_anon_01,5.697,1.862,1.1,0.79,sample,INSPECT_5,1.0,-0.07899999999999974,0.03300000000000014,0.08561541917201579,0.08561541917201579,False
2026-05-01 09:03:50,worker_anon_01,5.575,2.023,1.1,0.95,sample,INSPECT_5,1.0,-0.12199999999999989,0.16100000000000003,0.20200247523235942,0.20200247523235942,False
2026-05-01 09:03:51,worker_anon_01,5.538,2.132,1.1,0.83,sample,INSPECT_5,1.0,-0.03699999999999992,0.10899999999999999,0.11510864433221334,0.11510864433221334,False
2026-05-01 09:03:52,worker_anon_01,5.47,2.237,1.1,0.95,sample,OUTSIDE,1.0,-0.0680000000000005,0.10499999999999998,0.12509596316428467,0.12509596316428467,False
2026-05-01 09:03:53,worker_anon_01,5.409,2.305,1.1,0.85,sample,OUTSIDE,1.0,-0.06099999999999994,0.06800000000000006,0.09135097153287425,0.09135097153287425,False
2026-05-01 09:03:54,worker_anon_01,5.36,2.438,1.1,0.83,sample,OUTSIDE,1.0,-0.04899999999999949,0.133,0.14173919711921595,0.14173919711921595,False
2026-05-01 09:03:55,worker_anon_01,5.271,2.503,1.1,0.82,sample,OUTSIDE,1.0,-0.08900000000000041,0.06499999999999995,0.11020889256316872,0.11020889256316872,False
2026-05-01 09:03:56,worker_anon_01,5.182,2.579,1.1,0.95,sample,OUTSIDE,1.0,-0.08899999999999952,0.07600000000000007,0.11703418304068229,0.11703418304068229,False
2026-05-01 09:03:57,worker_anon_01,5.118,2.737,1.1,0.94,sample,OUTSIDE,1.0,-0.06400000000000006,0.15799999999999992,0.17046993869888022,0.17046993869888022,False
2026-05-01 09:03:58,worker_anon_01,5.033,2.773,1.1,0.82,sample,OUTSIDE,1.0,-0.08499999999999996,0.03600000000000003,0.09230926280715276,0.09230926280715276,False
2026-05-01 09:03:59,worker_anon_01,4.952,2.908,1.1,0.86,sample,BUFFER,1.0,-0.0810000000000004,0.1349999999999998,0.15743570116082314,0.15743570116082314,False
2026-05-01 09:04:00,worker_anon_01,4.89,2.967,1.1,0.84,sample,BUFFER,1.0,-0.06200000000000028,0.05900000000000016,0.08558621384311876,0.08558621384311876,False
2026-05-01 09:04:01,worker_anon_01,4.818,3.064,1.1,0.9,sample,BUFFER,1.0,-0.07200000000000006,0.09699999999999998,0.12080149005703533,0.12080149005703533,False
2026-05-01 09:04:02,worker_anon_01,4.737,3.161,1.1,0.87,sample,BUFFER,1.0,-0.08099999999999952,0.09699999999999998,0.12637246535539265,0.12637246535539265,False
2026-05-01 09:04:03,worker_anon_01,4.674,3.285,1.1,0.78,sample,OUTSIDE,1.0,-0.06299999999999972,0.12400000000000011,0.13908630414242804,0.13908630414242804,False
2026-05-01 09:04:04,worker_anon_01,4.636,3.398,1.1,0.82,sample,OUTSIDE,1.0,-0.038000000000000256,0.11299999999999999,0.11921828718783045,0.11921828718783045,False
2026-05-01 09:04:05,worker_anon_01,4.573,3.47,1.1,0.92,sample,OUTSIDE,1.0,-0.06299999999999972,0.07200000000000006,0.0956713123146117,0.0956713123146117,False
2026-05-01 09:04:06,worker_anon_01,4.456,3.567,1.1,0.83,sample,OUTSIDE,1.0,-0.11699999999999999,0.09699999999999998,0.15198026187633706,0.15198026187633706,False
2026-05-01 09:04:07,worker_anon_01,4.399,3.683,1.1,0.92,sample,OUTSIDE,1.0,-0.057000000000000384,0.11599999999999966,0.1292478239662083,0.1292478239662083,False
2026-05-01 09:04:08,worker_anon_01,4.32,3.812,1.1,0.86,sample,OUTSIDE,1.0,-0.07899999999999974,0.129,0.15126797413861257,0.15126797413861257,False
2026-05-01 09:04:09,worker_anon_01,4.23,3.861,1.1,0.83,sample,OUTSIDE,1.0,-0.08999999999999986,0.04900000000000038,0.10247438704378774,0.10247438704378774,False
2026-05-01 09:04:10,worker_anon_01,4.186,3.995,1.1,0.91,sample,OUTSIDE,1.0,-0.04400000000000048,0.1339999999999999,0.1410390016981119,0.1410390016981119,False
2026-05-01 09:04:11,worker_anon_01,4.088,4.092,1.1,0.9,sample,LABEL,1.0,-0.09799999999999986,0.09699999999999953,0.13788763541376683,0.13788763541376683,False
2026-05-01 09:04:12,worker_anon_01,4.07,4.161,1.1,0.82,sample,LABEL,1.0,-0.017999999999999794,0.06899999999999995,0.07130918594402819,0.07130918594402819,False
2026-05-01 09:04:13,worker_anon_01,3.968,4.301,1.1,0.79,sample,LABEL,1.0,-0.10200000000000031,0.14000000000000057,0.17321662737739765,0.17321662737739765,False
2026-05-01 09:04:14,worker_anon_01,3.869,4.387,1.1,0.9,sample,LABEL,1.0,-0.09899999999999975,0.08599999999999941,0.13113733259449747,0.13113733259449747,False
2026-05-01 09:04:15,worker_anon_01,3.844,4.431,1.1,0.94,sample,LABEL,1.0,-0.025000000000000355,0.04400000000000048,0.050606323715520575,0.050606323715520575,False
2026-05-01 09:04:16,worker_anon_01,3.896,4.335,1.1,0.86,sample,LABEL,1.0,0.052000000000000046,-0.09600000000000009,0.10917875251164955,0.10917875251164955,False
2026-05-01 09:04:17,worker_anon_01,3.88,4.457,1.1,0.93,sample,LABEL,1.0,-0.016000000000000014,0.12199999999999989,0.12304470732217608,0.12304470732217608,False
2026-05-01 09:04:18,worker_anon_01,3.888,4.4,1.1,0.85,sample,LABEL,1.0,0.008000000000000007,-0.056999999999999496,0.05755866572463214,0.05755866572463214,False
2026-05-01 09:04:19,worker_anon_01,3.894,4.382,1.1,0.89,sample,LABEL,1.0,0.006000000000000227,-0.018000000000000682,0.018973665961010994,0.018973665961010994,False
2026-05-01 09:04:20,worker_anon_01,3.934,4.368,1.1,0.97,sample,LABEL,1.0,0.040000000000000036,-0.013999999999999346,0.042379240200834,0.042379240200834,False
2026-05-01 09:04:21,worker_anon_01,3.949,4.415,1.1,0.91,sample,LABEL,1.0,0.01499999999999968,0.04699999999999971,0.04933558553417566,0.04933558553417566,False
2026-05-01 09:04:22,worker_anon_01,3.858,4.427,1.1,0.85,sample,LABEL,1.0,-0.09099999999999975,0.011999999999999567,0.09178779875342878,0.09178779875342878,False
2026-05-01 09:04:23,worker_anon_01,3.942,4.387,1.1,0.81,sample,LABEL,1.0,0.08400000000000007,-0.040000000000000036,0.09303762679690414,0.09303762679690414,False
2026-05-01 09:04:24,worker_anon_01,3.952,4.426,1.1,0.97,sample,LABEL,1.0,0.009999999999999787,0.03900000000000059,0.040261644278395306,0.040261644278395306,False
2026-05-01 09:04:25,worker_anon_01,4.009,4.336,1.1,0.83,sample,LABEL,1.0,0.057000000000000384,-0.08999999999999986,0.1065316854273883,0.1065316854273883,False
2026-05-01 09:04:26,worker_anon_01,4.004,4.181,1.1,0.82,sample,LABEL,1.0,-0.005000000000000782,-0.15500000000000025,0.1550806241927085,0.1550806241927085,False
2026-05-01 09:04:27,worker_anon_01,4.113,4.078,1.1,0.83,sample,LABEL,1.0,0.10900000000000087,-0.10299999999999976,0.14996666296214017,0.14996666296214017,False
2026-05-01 09:04:28,worker_anon_01,4.174,4.035,1.1,0.94,sample,LABEL,1.0,0.06099999999999994,-0.04300000000000015,0.0746324326281812,0.0746324326281812,False
2026-05-01 09:04:29,worker_anon_01,4.246,3.92,1.1,0.81,sample,OUTSIDE,1.0,0.07200000000000006,-0.11500000000000021,0.13567977004697515,0.13567977004697515,False
2026-05-01 09:04:30,worker_anon_01,4.292,3.793,1.1,0.93,sample,OUTSIDE,1.0,0.045999999999999375,-0.12699999999999978,0.13507405376311132,0.13507405376311132,False
2026-05-01 09:04:31,worker_anon_01,4.42,3.669,1.1,0.95,sample,OUTSIDE,1.0,0.1280000000000001,-0.12400000000000011,0.1782133552795639,0.1782133552795639,False
2026-05-01 09:04:32,worker_anon_01,4.454,3.599,1.1,0.87,sample,OUTSIDE,1.0,0.03399999999999981,-0.06999999999999984,0.07782030583337465,0.07782030583337465,False
2026-05-01 09:04:33,worker_anon_01,4.524,3.492,1.1,0.81,sample,OUTSIDE,1.0,0.07000000000000028,-0.1070000000000002,0.12786320815621705,0.12786320815621705,False
2026-05-01 09:04:34,worker_anon_01,4.612,3.386,1.1,0.89,sample,OUTSIDE,1.0,0.08800000000000008,-0.10599999999999987,0.13776792079435612,0.13776792079435612,False
2026-05-01 09:04:35,worker_anon_01,4.653,3.285,1.1,0.86,sample,OUTSIDE,1.0,0.04099999999999948,-0.10099999999999998,0.10900458705944421,0.10900458705944421,False
2026-05-01 09:04:36,worker_anon_01,4.721,3.222,1.1,0.84,sample,OUTSIDE,1.0,0.0680000000000005,-0.06300000000000017,0.09269843580125875,0.09269843580125875,False
2026-05-01 09:04:37,worker_anon_01,4.859,3.138,1.1,0.91,sample,BUFFER,1.0,0.1379999999999999,-0.08400000000000007,0.16155494421403507,0.16155494421403507,False
2026-05-01 09:04:38,worker_anon_01,4.903,3.023,1.1,0.94,sample,BUFFER,1.0,0.043999999999999595,-0.11499999999999977,0.12313001258832028,0.12313001258832028,False
2026-05-01 09:04:39,worker_anon_01,5.0,2.908,1.1,0.79,sample,BUFFER,1.0,0.09700000000000042,-0.11500000000000021,0.15044600360262192,0.15044600360262192,False
2026-05-01 09:04:40,worker_anon_01,5.042,2.797,1.1,0.85,sample,OUTSIDE,1.0,0.041999999999999815,-0.11099999999999977,0.11868024266911462,0.11868024266911462,False
2026-05-01 09:04:41,worker_anon_01,5.089,2.683,1.1,0.87,sample,OUTSIDE,1.0,0.0470000000000006,-0.11400000000000032,0.12330855606972344,0.12330855606972344,False
2026-05-01 09:04:42,worker_anon_01,5.176,2.615,1.1,0.88,sample,OUTSIDE,1.0,0.08699999999999974,-0.06799999999999962,0.11042191811411312,0.11042191811411312,False
2026-05-01 09:04:43,worker_anon_01,5.282,2.47,1.1,0.86,sample,OUTSIDE,1.0,0.10599999999999987,-0.14500000000000002,0.17961347388211157,0.17961347388211157,False
2026-05-01 09:04:44,worker_anon_01,5.364,2.374,1.1,0.81,sample,OUTSIDE,1.0,0.08199999999999985,-0.09600000000000009,0.126253712816693,0.126253712816693,False
2026-05-01 09:04:45,worker_anon_01,5.389,2.296,1.1,0.93,sample,OUTSIDE,1.0,0.025000000000000355,-0.07800000000000029,0.0819084855189013,0.0819084855189013,False
2026-05-01 09:04:46,worker_anon_01,5.448,2.184,1.1,0.94,sample,INSPECT_5,1.0,0.05900000000000016,-0.11199999999999966,0.12658988901172138,0.12658988901172138,False
2026-05-01 09:04:47,worker_anon_01,5.509,2.069,1.1,0.85,sample,INSPECT_5,1.0,0.06099999999999994,-0.11500000000000021,0.1301768028490485,0.1301768028490485,False
2026-05-01 09:04:48,worker_anon_01,5.63,2.018,1.1,0.94,sample,INSPECT_5,1.0,0.12099999999999955,-0.051000000000000156,0.13130879635424242,0.13130879635424242,False
2026-05-01 09:04:49,worker_anon_01,5.699,1.899,1.1,0.95,sample,INSPECT_5,1.0,0.06899999999999995,-0.11899999999999977,0.13755726080436445,0.13755726080436445,False
2026-05-01 09:04:50,worker_anon_01,5.719,1.769,1.1,0.79,sample,INSPECT_5,1.0,0.020000000000000462,-0.13000000000000012,0.13152946437965923,0.13152946437965923,False
2026-05-01 09:04:51,worker_anon_01,5.815,1.687,1.1,0.96,sample,INSPECT_5,1.0,0.09600000000000009,-0.08199999999999985,0.126253712816693,0.126253712816693,False
2026-05-01 09:04:52,worker_anon_01,5.924,1.568,1.1,0.93,sample,INSPECT_5,1.0,0.10899999999999999,-0.119,0.16137533888422975,0.16137533888422975,False
2026-05-01 09:04:53,worker_anon_01,5.939,1.638,1.1,0.88,sample,INSPECT_5,1.0,0.01499999999999968,0.06999999999999984,0.07158910531638155,0.07158910531638155,False
2026-05-01 09:04:54,worker_anon_01,5.953,1.56,1.1,0.82,sample,INSPECT_5,1.0,0.014000000000000234,-0.07799999999999985,0.07924645102463569,0.07924645102463569,False
2026-05-01 09:04:55,worker_anon_01,5.966,1.613,1.1,0.85,sample,INSPECT_5,1.0,0.0129999999999999,0.052999999999999936,0.054571054598568924,0.054571054598568924,False
2026-05-01 09:04:56,worker_anon_01,5.884,1.596,1.1,0.88,sample,INSPECT_5,1.0,-0.08199999999999985,-0.016999999999999904,0.08374365647617718,0.08374365647617718,False
2026-05-01 09:04:57,worker_anon_01,5.953,1.554,1.1,0.85,sample,INSPECT_5,1.0,0.06899999999999995,-0.04200000000000004,0.08077747210701754,0.08077747210701754,False
2026-05-01 09:04:58,worker_anon_01,5.884,1.561,1.1,0.85,sample,INSPECT_5,1.0,-0.06899999999999995,0.006999999999999895,0.06935416353759875,0.06935416353759875,False
2026-05-01 09:04:59,worker_anon_01,5.867,1.548,1.1,0.94,sample,INSPECT_5,1.0,-0.017000000000000348,-0.0129999999999999,0.021400934559032914,0.021400934559032914,False
2026-05-01 09:05:00,worker_anon_01,5.949,1.552,1.1,0.98,sample,INSPECT_5,1.0,0.08199999999999985,0.0040000000000000036,0.08209750300709502,0.08209750300709502,False
2026-05-01 09:05:01,worker_anon_01,5.843,1.627,1.1,0.93,sample,INSPECT_5,1.0,-0.10599999999999987,0.07499999999999996,0.129849913361542,0.129849913361542,False
2026-05-01 09:05:02,worker_anon_01,5.942,1.644,1.1,0.88,sample,INSPECT_5,1.0,0.0990000000000002,0.016999999999999904,0.10044899203078166,0.10044899203078166,False
2026-05-01 09:05:03,worker_anon_01,5.844,1.552,1.1,0.81,sample,INSPECT_5,1.0,-0.09799999999999986,-0.09199999999999986,0.13441726079637223,0.13441726079637223,False
2026-05-01 09:05:04,worker_anon_01,5.834,1.539,1.1,0.84,sample,INSPECT_5,1.0,-0.010000000000000675,-0.013000000000000123,0.016401219466857235,0.016401219466857235,False
2026-05-01 09:05:05,worker_anon_01,5.905,1.598,1.1,0.86,sample,INSPECT_5,1.0,0.07100000000000062,0.05900000000000016,0.09231467922275476,0.09231467922275476,False
2026-05-01 09:05:06,worker_anon_01,5.919,1.545,1.1,0.94,sample,INSPECT_5,1.0,0.013999999999999346,-0.05300000000000016,0.05481788029466297,0.05481788029466297,False
2026-05-01 09:05:07,worker_anon_01,5.87,1.559,1.1,0.89,sample,INSPECT_5,1.0,-0.04899999999999949,0.014000000000000012,0.05096076922496314,0.05096076922496314,False
2026-05-01 09:05:08,worker_anon_01,5.839,1.531,1.1,0.9,sample,INSPECT_5,1.0,-0.030999999999999694,-0.028000000000000025,0.041773197148410636,0.041773197148410636,False
2026-05-01 09:05:09,worker_anon_01,5.941,1.664,1.1,0.84,sample,INSPECT_5,1.0,0.10199999999999942,0.133,0.1676096655924111,0.1676096655924111,False
2026-05-01 09:05:10,worker_anon_01,5.967,1.652,1.1,0.83,sample,INSPECT_5,1.0,0.0259999999999998,-0.01200000000000001,0.028635642126552528,0.028635642126552528,False
2026-05-01 09:05:11,worker_anon_01,5.968,1.557,1.1,0.97,sample,INSPECT_5,1.0,0.001000000000000334,-0.09499999999999997,0.09500526301210895,0.09500526301210895,False
2026-05-01 09:05:12,worker_anon_01,5.93,1.557,1.1,0.93,sample,INSPECT_5,1.0,-0.038000000000000256,0.0,0.038000000000000256,0.038000000000000256,False
2026-05-01 09:05:13,worker_anon_01,5.766,1.544,1.1,0.95,sample,INSPECT_5,1.0,-0.1639999999999997,-0.0129999999999999,0.16451443705644772,0.16451443705644772,False
2026-05-01 09:05:14,worker_anon_01,5.652,1.459,1.1,0.93,sample,INSPECT_5,1.0,-0.11399999999999988,-0.08499999999999996,0.14220056258679137,0.14220056258679137,False
2026-05-01 09:05:15,worker_anon_01,5.605,1.443,1.1,0.91,sample,INSPECT_5,1.0,-0.04699999999999971,-0.016000000000000014,0.04964876634922537,0.04964876634922537,False
2026-05-01 09:05:16,worker_anon_01,5.515,1.33,1.1,0.83,sample,INSPECT_5,1.0,-0.09000000000000075,-0.11299999999999999,0.1444610674195651,0.1444610674195651,False
2026-05-01 09:05:17,worker_anon_01,5.354,1.248,1.1,0.87,sample,INSPECT_5,1.0,-0.1609999999999996,-0.08200000000000007,0.18067927385286858,0.18067927385286858,False
2026-05-01 09:05:18,worker_anon_01,5.228,1.26,1.1,0.82,sample,INSPECT_5,1.0,-0.12600000000000033,0.01200000000000001,0.12657013865837427,0.12657013865837427,False
2026-05-01 09:05:19,worker_anon_01,5.131,1.162,1.1,0.92,sample,OUTSIDE,1.0,-0.09699999999999953,-0.09800000000000009,0.13788763541376697,0.13788763541376697,False
2026-05-01 09:05:20,worker_anon_01,5.062,1.127,1.1,0.79,sample,OUTSIDE,1.0,-0.06899999999999995,-0.03499999999999992,0.07736924453553871,0.07736924453553871,False
2026-05-01 09:05:21,worker_anon_01,4.913,1.034,1.1,0.95,sample,OUTSIDE,1.0,-0.14900000000000002,-0.09299999999999997,0.17564168070250297,0.17564168070250297,False
2026-05-01 09:05:22,worker_anon_01,4.859,0.974,1.1,0.92,sample,OUTSIDE,1.0,-0.05400000000000027,-0.06000000000000005,0.08072174428244248,0.08072174428244248,False
2026-05-01 09:05:23,worker_anon_01,4.721,0.872,1.1,0.91,sample,OUTSIDE,1.0,-0.1379999999999999,-0.10199999999999998,0.171604195752901,0.171604195752901,False
2026-05-01 09:05:24,worker_anon_01,4.668,0.819,1.1,0.81,sample,OUTSIDE,1.0,-0.052999999999999936,-0.05300000000000005,0.07495331880577402,0.07495331880577402,False
2026-05-01 09:05:25,worker_anon_01,4.568,0.741,1.1,0.92,sample,BOX,1.0,-0.10000000000000053,-0.07799999999999996,0.1268227108999019,0.1268227108999019,False
2026-05-01 09:05:26,worker_anon_01,4.436,0.677,1.1,0.79,sample,BOX,1.0,-0.13199999999999967,-0.06399999999999995,0.14669696656713768,0.14669696656713768,False
2026-05-01 09:05:27,worker_anon_01,4.334,0.626,1.1,0.86,sample,BOX,1.0,-0.10200000000000031,-0.051000000000000045,0.11403946685248957,0.11403946685248957,False
2026-05-01 09:05:28,worker_anon_01,4.2,0.552,1.1,0.82,sample,BOX,1.0,-0.13399999999999945,-0.07399999999999995,0.15307514494521915,0.15307514494521915,False
2026-05-01 09:05:29,worker_anon_01,4.141,0.507,1.1,0.86,sample,BOX,1.0,-0.05900000000000016,-0.04500000000000004,0.07420242583635675,0.07420242583635675,False
2026-05-01 09:05:30,worker_anon_01,3.978,0.494,1.1,0.85,sample,BOX,1.0,-0.1629999999999998,-0.013000000000000012,0.16351758315239354,0.16351758315239354,False
2026-05-01 09:05:31,worker_anon_01,3.934,0.388,1.1,0.96,sample,BOX,1.0,-0.04400000000000004,-0.10599999999999998,0.11476933388322857,0.11476933388322857,False
2026-05-01 09:05:32,worker_anon_01,3.919,0.408,1.1,0.84,sample,BOX,1.0,-0.015000000000000124,0.019999999999999962,0.025000000000000046,0.025000000000000046,False
2026-05-01 09:05:33,worker_anon_01,3.839,0.359,1.1,0.88,sample,BOX,1.0,-0.08000000000000007,-0.04899999999999999,0.09381364506296518,0.09381364506296518,False
2026-05-01 09:05:34,worker_anon_01,3.904,0.348,1.1,0.82,sample,BOX,1.0,0.06499999999999995,-0.01100000000000001,0.06592419889539798,0.06592419889539798,False
2026-05-01 09:05:35,worker_anon_01,3.864,0.43,1.1,0.91,sample,BOX,1.0,-0.040000000000000036,0.08200000000000002,0.09123595782365637,0.09123595782365637,False
2026-05-01 09:05:36,worker_anon_01,3.963,0.396,1.1,0.94,sample,BOX,1.0,0.0990000000000002,-0.033999999999999975,0.10467568963231165,0.10467568963231165,False
2026-05-01 09:05:37,worker_anon_01,3.854,0.467,1.1,0.98,sample,BOX,1.0,-0.10899999999999999,0.07100000000000001,0.13008458786497346,0.13008458786497346,False
2026-05-01 09:05:38,worker_anon_01,3.844,0.417,1.1,0.83,sample,BOX,1.0,-0.010000000000000231,-0.050000000000000044,0.05099019513592794,0.05099019513592794,False
2026-05-01 09:05:39,worker_anon_01,3.856,0.466,1.1,0.91,sample,BOX,1.0,0.01200000000000001,0.049000000000000044,0.050447993022517804,0.050447993022517804,False
2026-05-01 09:05:40,worker_anon_01,3.865,0.462,1.1,0.87,sample,BOX,1.0,0.009000000000000341,-0.0040000000000000036,0.009848857801796418,0.009848857801796418,False
2026-05-01 09:05:41,worker_anon_01,3.948,0.345,1.1,0.89,sample,BOX,1.0,0.08299999999999974,-0.11700000000000005,0.14345033983926272,0.14345033983926272,False
2026-05-01 09:05:42,worker_anon_01,3.992,0.492,1.1,0.81,sample,BOX,1.0,0.04400000000000004,0.14700000000000002,0.1534438007871286,0.1534438007871286,False
2026-05-01 09:05:43,worker_anon_01,4.105,0.539,1.1,0.86,sample,BOX,1.0,0.11300000000000043,0.04700000000000004,0.1223846395590562,0.1223846395590562,False
2026-05-01 09:05:44,worker_anon_01,4.191,0.599,1.1,0.85,sample,BOX,1.0,0.08599999999999941,0.05999999999999994,0.10486181383134612,0.10486181383134612,False
2026-05-01 09:05:45,worker_anon_01,4.3,0.681,1.1,0.96,sample,BOX,1.0,0.10899999999999999,0.08200000000000007,0.1364001466274872,0.1364001466274872,False
2026-05-01 09:05:46,worker_anon_01,4.398,0.677,1.1,0.94,sample,BOX,1.0,0.09799999999999986,-0.0040000000000000036,0.0980815986819137,0.0980815986819137,False
2026-05-01 09:05:47,worker_anon_01,4.518,0.759,1.1,0.89,sample,BOX,1.0,0.1200000000000001,0.08199999999999996,0.14534097839219337,0.14534097839219337,False
2026-05-01 09:05:48,worker_anon_01,4.669,0.853,1.1,0.83,sample,OUTSIDE,1.0,0.1509999999999998,0.09399999999999997,0.17786792853125585,0.17786792853125585,False
2026-05-01 09:05:49,worker_anon_01,4.74,0.88,1.1,0.8,sample,OUTSIDE,1.0,0.07100000000000062,0.027000000000000024,0.07596051605933236,0.07596051605933236,False
2026-05-01 09:05:50,worker_anon_01,4.832,0.983,1.1,0.9,sample,OUTSIDE,1.0,0.09199999999999964,0.10299999999999998,0.13810503249338862,0.13810503249338862,False
2026-05-01 09:05:51,worker_anon_01,4.945,1.042,1.1,0.95,sample,OUTSIDE,1.0,0.11300000000000043,0.05900000000000005,0.12747548783982002,0.12747548783982002,False
2026-05-01 09:05:52,worker_anon_01,5.054,1.128,1.1,0.88,sample,OUTSIDE,1.0,0.10899999999999999,0.08599999999999985,0.13884163640637476,0.13884163640637476,False
2026-05-01 09:05:53,worker_anon_01,5.178,1.122,1.1,0.89,sample,OUTSIDE,1.0,0.12399999999999967,-0.005999999999999783,0.12414507642270763,0.12414507642270763,False
2026-05-01 09:05:54,worker_anon_01,5.3,1.245,1.1,0.79,sample,INSPECT_5,1.0,0.12199999999999989,0.123,0.17324260445975745,0.17324260445975745,False
2026-05-01 09:05:55,worker_anon_01,5.334,1.256,1.1,0.9,sample,INSPECT_5,1.0,0.03399999999999981,0.010999999999999899,0.03573513677041106,0.03573513677041106,False
2026-05-01 09:05:56,worker_anon_01,5.46,1.362,1.1,0.87,sample,INSPECT_5,1.0,0.12600000000000033,0.1060000000000001,0.1646572197020225,0.1646572197020225,False
2026-05-01 09:05:57,worker_anon_01,5.62,1.449,1.1,0.96,sample,INSPECT_5,1.0,0.16000000000000014,0.08699999999999997,0.1821235844145399,0.1821235844145399,False
2026-05-01 09:05:58,worker_anon_01,5.706,1.451,1.1,0.91,sample,INSPECT_5,1.0,0.0860000000000003,0.0020000000000000018,0.08602325267042656,0.08602325267042656,False
2026-05-01 09:05:59,worker_anon_01,5.777,1.519,1.1,0.81,sample,INSPECT_5,1.0,0.07099999999999973,0.06799999999999984,0.0983107318658545,0.0983107318658545,False
2026-05-01 09:06:00,worker_anon_01,5.932,1.586,1.1,0.89,sample,INSPECT_5,1.0,0.15500000000000025,0.06700000000000017,0.16886088949191314,0.16886088949191314,False
2026-05-01 09:06:01,worker_anon_01,5.954,1.63,1.1,0.91,sample,INSPECT_5,1.0,0.021999999999999353,0.04399999999999982,0.049193495504994925,0.049193495504994925,False
2026-05-01 09:06:02,worker_anon_01,5.891,1.663,1.1,0.96,sample,INSPECT_5,1.0,-0.06299999999999972,0.03300000000000014,0.07111961754677801,0.07111961754677801,False
2026-05-01 09:06:03,worker_anon_01,5.969,1.664,1.1,0.92,sample,INSPECT_5,1.0,0.07800000000000029,0.0009999999999998899,0.07800640999302587,0.07800640999302587,False
2026-05-01 09:06:04,worker_anon_01,5.945,1.572,1.1,0.86,sample,INSPECT_5,1.0,-0.02400000000000002,-0.09199999999999986,0.09507891459203757,0.09507891459203757,False
2026-05-01 09:06:05,worker_anon_01,5.895,1.649,1.1,0.91,sample,INSPECT_5,1.0,-0.05000000000000071,0.07699999999999996,0.09180958555619377,0.09180958555619377,False
2026-05-01 09:06:06,worker_anon_01,5.935,1.626,1.1,0.86,sample,INSPECT_5,1.0,0.040000000000000036,-0.02300000000000013,0.04614108798023741,0.04614108798023741,False
2026-05-01 09:06:07,worker_anon_01,5.896,1.586,1.1,0.94,sample,INSPECT_5,1.0,-0.0389999999999997,-0.039999999999999813,0.05586591089385334,0.05586591089385334,False
2026-05-01 09:06:08,worker_anon_01,5.962,1.661,1.1,0.97,sample,INSPECT_5,1.0,0.06599999999999984,0.07499999999999996,0.09990495483208013,0.09990495483208013,False
2026-05-01 09:06:09,worker_anon_01,5.948,1.573,1.1,0.88,sample,INSPECT_5,1.0,-0.013999999999999346,-0.08800000000000008,0.08910667763978183,0.08910667763978183,False
2026-05-01 09:06:10,worker_anon_01,5.933,1.534,1.1,0.87,sample,INSPECT_5,1.0,-0.015000000000000568,-0.038999999999999924,0.04178516483155249,0.04178516483155249,False
2026-05-01 09:06:11,worker_anon_01,5.942,1.664,1.1,0.82,sample,INSPECT_5,1.0,0.009000000000000341,0.1299999999999999,0.13031116606031878,0.13031116606031878,False
2026-05-01 09:06:12,worker_anon_01,5.874,1.631,1.1,0.84,sample,INSPECT_5,1.0,-0.0680000000000005,-0.03299999999999992,0.07558438992278804,0.07558438992278804,False
2026-05-01 09:06:13,worker_anon_01,5.927,1.623,1.1,0.83,sample,INSPECT_5,1.0,0.052999999999999936,-0.008000000000000007,0.053600373133029525,0.053600373133029525,False
2026-05-01 09:06:14,worker_anon_01,5.836,1.566,1.1,0.89,sample,INSPECT_5,1.0,-0.0909999999999993,-0.05699999999999994,0.10737783756436832,0.10737783756436832,False
2026-05-01 09:06:15,worker_anon_01,5.842,1.586,1.1,0.94,sample,INSPECT_5,1.0,0.005999999999999339,0.020000000000000018,0.020880613017820928,0.020880613017820928,False
2026-05-01 09:06:16,worker_anon_01,5.964,1.544,1.1,0.84,sample,INSPECT_5,1.0,0.12200000000000077,-0.04200000000000004,0.12902712893031523,0.12902712893031523,False
2026-05-01 09:06:17,worker_anon_01,5.919,1.645,1.1,0.89,sample,INSPECT_5,1.0,-0.04500000000000082,0.10099999999999998,0.11057124400132283,0.11057124400132283,False
2026-05-01 09:06:18,worker_anon_01,5.855,1.56,1.1,0.89,sample,INSPECT_5,1.0,-0.06399999999999917,-0.08499999999999996,0.10640018796975824,0.10640018796975824,False
2026-05-01 09:06:19,worker_anon_01,5.907,1.603,1.1,0.82,sample,INSPECT_5,1.0,0.0519999999999996,0.04299999999999993,0.067475921631349,0.067475921631349,False
2026-05-01 09:06:20,worker_anon_01,5.93,1.648,1.1,0.88,sample,INSPECT_5,1.0,0.022999999999999687,0.04499999999999993,0.050537115073972905,0.050537115073972905,False
2026-05-01 09:06:21,worker_anon_01,5.769,1.597,1.1,0.8,sample,INSPECT_5,1.0,-0.1609999999999996,-0.050999999999999934,0.16888457596832182,0.16888457596832182,False
2026-05-01 09:06:22,worker_anon_01,5.637,1.606,1.1,0.94,sample,INSPECT_5,1.0,-0.13200000000000056,0.009000000000000119,0.13230646242720023,0.13230646242720023,False
2026-05-01 09:06:23,worker_anon_01,5.513,1.611,1.1,0.96,sample,INSPECT_5,1.0,-0.12399999999999967,0.004999999999999893,0.12410076550932277,0.12410076550932277,False
2026-05-01 09:06:24,worker_anon_01,5.391,1.587,1.1,0.94,sample,INSPECT_5,1.0,-0.12199999999999989,-0.02400000000000002,0.12433824833895632,0.12433824833895632,False
2026-05-01 09:06:25,worker_anon_01,5.271,1.596,1.1,0.94,sample,INSPECT_5,1.0,-0.1200000000000001,0.009000000000000119,0.1203370267207896,0.1203370267207896,False
2026-05-01 09:06:26,worker_anon_01,5.171,1.627,1.1,0.83,sample,OUTSIDE,1.0,-0.09999999999999964,0.030999999999999917,0.10469479452198148,0.10469479452198148,False
2026-05-01 09:06:27,worker_anon_01,5.033,1.614,1.1,0.83,sample,OUTSIDE,1.0,-0.1379999999999999,-0.0129999999999999,0.13861096637712317,0.13861096637712317,False
2026-05-01 09:06:28,worker_anon_01,4.923,1.591,1.1,0.79,sample,OUTSIDE,1.0,-0.11000000000000032,-0.02300000000000013,0.11237882362794192,0.11237882362794192,False
2026-05-01 09:06:29,worker_anon_01,4.798,1.637,1.1,0.81,sample,OUTSIDE,1.0,-0.125,0.04600000000000004,0.1331953452640144,0.1331953452640144,False
2026-05-01 09:06:30,worker_anon_01,4.702,1.576,1.1,0.92,sample,OUTSIDE,1.0,-0.09600000000000009,-0.06099999999999994,0.11374093370462549,0.11374093370462549,False
2026-05-01 09:06:31,worker_anon_01,4.539,1.607,1.1,0.95,sample,OUTSIDE,1.0,-0.16300000000000026,0.030999999999999917,0.16592166826548024,0.16592166826548024,False
2026-05-01 09:06:32,worker_anon_01,4.436,1.603,1.1,0.89,sample,OUTSIDE,1.0,-0.10299999999999976,-0.0040000000000000036,0.10307764064044127,0.10307764064044127,False
2026-05-01 09:06:33,worker_anon_01,4.306,1.565,1.1,0.8,sample,OUTSIDE,1.0,-0.1299999999999999,-0.038000000000000034,0.135440023626696,0.135440023626696,False
2026-05-01 09:06:34,worker_anon_01,4.186,1.628,1.1,0.8,sample,OUTSIDE,1.0,-0.1200000000000001,0.06299999999999994,0.13553228397691827,0.13553228397691827,False
2026-05-01 09:06:35,worker_anon_01,4.098,1.573,1.1,0.81,sample,OUTSIDE,1.0,-0.08800000000000008,-0.05499999999999994,0.10377379245262268,0.10377379245262268,False
2026-05-01 09:06:36,worker_anon_01,3.949,1.628,1.1,0.95,sample,OUTSIDE,1.0,-0.14900000000000002,0.05499999999999994,0.158826949854236,0.158826949854236,False
2026-05-01 09:06:37,worker_anon_01,3.791,1.626,1.1,0.81,sample,OUTSIDE,1.0,-0.15799999999999992,-0.0020000000000000018,0.15801265772082937,0.15801265772082937,False
2026-05-01 09:06:38,worker_anon_01,3.692,1.588,1.1,0.87,sample,OUTSIDE,1.0,-0.09899999999999975,-0.03799999999999981,0.10604244433244614,0.10604244433244614,False
2026-05-01 09:06:39,worker_anon_01,3.579,1.57,1.1,0.94,sample,OUTSIDE,1.0,-0.11299999999999999,-0.018000000000000016,0.11442464769445436,0.11442464769445436,False
2026-05-01 09:06:40,worker_anon_01,3.471,1.587,1.1,0.94,sample,OUTSIDE,1.0,-0.1080000000000001,0.016999999999999904,0.10932977636490444,0.10932977636490444,False
2026-05-01 09:06:41,worker_anon_01,3.33,1.567,1.1,0.83,sample,OUTSIDE,1.0,-0.14100000000000001,-0.020000000000000018,0.14241137595009748,0.14241137595009748,False
2026-05-01 09:06:42,worker_anon_01,3.208,1.587,1.1,0.92,sample,OUTSIDE,1.0,-0.12199999999999989,0.020000000000000018,0.12362847568420463,0.12362847568420463,False
2026-05-01 09:06:43,worker_anon_01,3.042,1.632,1.1,0.84,sample,OUTSIDE,1.0,-0.16600000000000037,0.04499999999999993,0.17199127884866755,0.17199127884866755,False
2026-05-01 09:06:44,worker_anon_01,2.981,1.621,1.1,0.78,sample,OUTSIDE,1.0,-0.06099999999999994,-0.010999999999999899,0.061983868869246866,0.061983868869246866,False
2026-05-01 09:06:45,worker_anon_01,2.867,1.604,1.1,0.95,sample,OUTSIDE,1.0,-0.11399999999999988,-0.016999999999999904,0.1152605743522041,0.1152605743522041,False
2026-05-01 09:06:46,worker_anon_01,2.692,1.597,1.1,0.85,sample,INSPECT_4,1.0,-0.17499999999999982,-0.007000000000000117,0.17513994404475508,0.17513994404475508,False
2026-05-01 09:06:47,worker_anon_01,2.563,1.637,1.1,0.87,sample,INSPECT_4,1.0,-0.129,0.040000000000000036,0.13505924625881785,0.13505924625881785,False
2026-05-01 09:06:48,worker_anon_01,2.437,1.563,1.1,0.84,sample,INSPECT_4,1.0,-0.12600000000000033,-0.07400000000000007,0.14612323566086297,0.14612323566086297,False
2026-05-01 09:06:49,worker_anon_01,2.318,1.566,1.1,0.87,sample,INSPECT_4,1.0,-0.11899999999999977,0.0030000000000001137,0.11903780911962361,0.11903780911962361,False
2026-05-01 09:06:50,worker_anon_01,2.224,1.632,1.1,0.86,sample,INSPECT_4,1.0,-0.09399999999999986,0.06599999999999984,0.11485643212288964,0.11485643212288964,False
2026-05-01 09:06:51,worker_anon_01,2.128,1.561,1.1,0.87,sample,INSPECT_4,1.0,-0.09600000000000009,-0.07099999999999995,0.11940268003692384,0.11940268003692384,False
2026-05-01 09:06:52,worker_anon_01,2.078,1.664,1.1,0.93,sample,INSPECT_4,1.0,-0.050000000000000266,0.10299999999999998,0.11449454135459917,0.11449454135459917,False
2026-05-01 09:06:53,worker_anon_01,2.137,1.616,1.1,0.91,sample,INSPECT_4,1.0,0.05900000000000016,-0.04799999999999982,0.07605918747922569,0.07605918747922569,False
2026-05-01 09:06:54,worker_anon_01,2.151,1.56,1.1,0.97,sample,INSPECT_4,1.0,0.01399999999999979,-0.05600000000000005,0.057723478758647244,0.057723478758647244,False
2026-05-01 09:06:55,worker_anon_01,2.078,1.599,1.1,0.93,sample,INSPECT_4,1.0,-0.07299999999999995,0.038999999999999924,0.08276472678623417,0.08276472678623417,False
2026-05-01 09:06:56,worker_anon_01,2.074,1.619,1.1,0.94,sample,INSPECT_4,1.0,-0.0040000000000000036,0.020000000000000018,0.02039607805437116,0.02039607805437116,False
2026-05-01 09:06:57,worker_anon_01,2.154,1.647,1.1,0.8,sample,INSPECT_4,1.0,0.08000000000000007,0.028000000000000025,0.08475848040166845,0.08475848040166845,False
2026-05-01 09:06:58,worker_anon_01,2.088,1.591,1.1,0.9,sample,INSPECT_4,1.0,-0.06599999999999984,-0.05600000000000005,0.08655634003352952,0.08655634003352952,False
2026-05-01 09:06:59,worker_anon_01,2.157,1.653,1.1,0.95,sample,INSPECT_4,1.0,0.06899999999999995,0.062000000000000055,0.09276313923105449,0.09276313923105449,False
2026-05-01 09:07:00,worker_anon_01,2.056,1.591,1.1,0.86,sample,INSPECT_4,1.0,-0.10099999999999998,-0.062000000000000055,0.11851160280748887,0.11851160280748887,False
2026-05-01 09:07:01,worker_anon_01,2.121,1.567,1.1,0.86,sample,INSPECT_4,1.0,0.06499999999999995,-0.02400000000000002,0.06928924880527998,0.06928924880527998,False
2026-05-01 09:07:02,worker_anon_01,2.082,1.628,1.1,0.87,sample,INSPECT_4,1.0,-0.039000000000000146,0.06099999999999994,0.07240165743959184,0.07240165743959184,False
2026-05-01 09:07:03,worker_anon_01,2.075,1.569,1.1,0.94,sample,INSPECT_4,1.0,-0.006999999999999673,-0.05899999999999994,0.0594138031100517,0.0594138031100517,False
2026-05-01 09:07:04,worker_anon_01,2.092,1.618,1.1,0.97,sample,INSPECT_4,1.0,0.016999999999999904,0.049000000000000155,0.051865209919559875,0.051865209919559875,False
2026-05-01 09:07:05,worker_anon_01,2.094,1.653,1.1,0.89,sample,INSPECT_4,1.0,0.0019999999999997797,0.03499999999999992,0.03505709628591611,0.03505709628591611,False
2026-05-01 09:07:06,worker_anon_01,2.13,1.57,1.1,0.8,sample,INSPECT_4,1.0,0.03600000000000003,-0.08299999999999996,0.09047098982546833,0.09047098982546833,False
